"Fecha","Último","Apertura","Máximo","Mínimo","Vol.","% var."
"05.02.2026","977,00","976,00","977,00","976,00","0,01K","0,10%"
"04.02.2026","976,00","973,00","977,00","973,00","0,21K","0,51%"
"03.02.2026","971,00","973,00","973,00","970,00","0,09K","-0,10%"
"02.02.2026","972,00","970,00","973,00","969,00","0,09K","0,00%"
"30.01.2026","972,00","973,00","973,00","968,00","0,28K","0,00%"
"29.01.2026","972,00","972,00","973,00","972,00","0,01K","0,00%"
"28.01.2026","972,00","969,00","972,00","968,00","0,19K","3,18%"
"27.01.2026","942,00","940,00","940,00","940,00","0,01K","0,00%"
"26.01.2026","942,00","943,00","943,00","943,00","0,00K","0,00%"
"23.01.2026","942,00","943,00","944,00","942,00","0,08K","-0,11%"
"22.01.2026","943,00","944,00","944,00","944,00","0,00K","0,21%"
"21.01.2026","941,00","941,00","941,00","941,00","0,03K","0,11%"
"20.01.2026","940,00","943,00","943,00","938,00","0,01K","0,11%"
"16.01.2026","939,00","939,00","939,00","939,00","","0,00%"
"15.01.2026","939,00","936,00","939,00","936,00","0,01K","0,00%"
"14.01.2026","939,00","940,00","942,00","939,00","0,02K","-0,32%"
"13.01.2026","942,00","942,00","942,00","942,00","0,00K","-0,11%"
"12.01.2026","943,00","941,00","945,00","941,00","0,04K","0,32%"
"09.01.2026","940,00","940,00","941,00","940,00","0,67K","0,21%"
"08.01.2026","938,00","938,00","939,00","938,00","0,03K","0,00%"
"07.01.2026","938,00","929,00","940,00","929,00","0,13K","0,86%"
"06.01.2026","930,00","931,00","933,00","928,00","0,09K","-0,32%"
"05.01.2026","933,00","938,00","938,00","932,00","0,08K","-0,74%"
"02.01.2026","940,00","931,00","941,00","931,00","0,03K","0,53%"
"31.12.2025","935,00","936,00","940,00","930,00","0,04K","3,43%"
"30.12.2025","904,00","885,00","912,00","885,00","0,02K","-0,22%"
"29.12.2025","906,00","905,00","905,00","905,00","0,00K","0,00%"
"26.12.2025","906,00","906,00","906,00","906,00","0,01K","0,00%"
"24.12.2025","906,00","906,00","906,00","906,00","0,01K","-0,22%"
"23.12.2025","908,00","909,00","909,00","909,00","0,00K","0,00%"
"22.12.2025","908,00","909,00","909,00","906,00","0,00K","0,11%"
"19.12.2025","907,00","907,00","907,00","907,00","","0,00%"
"18.12.2025","907,00","906,00","906,00","906,00","0,00K","0,00%"
"17.12.2025","907,00","907,00","907,00","907,00","","0,00%"
"16.12.2025","907,00","906,00","906,00","906,00","0,00K","0,00%"
"15.12.2025","907,00","907,00","907,00","907,00","","0,00%"
"12.12.2025","907,00","907,00","907,00","907,00","","0,00%"
"11.12.2025","907,00","905,00","907,00","905,00","0,00K","0,11%"
"10.12.2025","906,00","910,00","910,00","905,00","0,07K","-0,44%"
"09.12.2025","910,00","909,00","910,00","909,00","0,03K","0,22%"
"08.12.2025","908,00","905,00","908,00","905,00","0,04K","0,00%"
"05.12.2025","908,00","908,00","908,00","905,00","0,00K","0,22%"
"04.12.2025","906,00","906,00","906,00","906,00","","0,00%"
"03.12.2025","906,00","903,00","906,00","903,00","0,06K","0,55%"
"02.12.2025","901,00","901,00","901,00","896,00","0,04K","-0,22%"
"01.12.2025","903,00","905,00","905,00","899,00","0,04K","-0,55%"
"28.11.2025","908,00","904,00","904,00","904,00","0,00K","0,44%"
"26.11.2025","904,00","890,00","907,00","890,00","0,07K","5,85%"
"25.11.2025","854,00","858,00","858,00","854,00","0,01K","-0,12%"
"24.11.2025","855,00","858,00","858,00","855,00","0,01K","-0,23%"
"21.11.2025","857,00","858,00","858,00","857,00","0,01K","0,12%"
"20.11.2025","856,00","857,00","857,00","857,00","0,00K","0,12%"
"19.11.2025","855,00","855,00","855,00","855,00","","-0,12%"
"18.11.2025","856,00","858,00","858,00","858,00","0,00K","0,12%"
"17.11.2025","855,00","855,00","862,00","855,00","0,16K","0,00%"
"14.11.2025","855,00","856,00","856,00","855,00","0,31K","0,00%"
"13.11.2025","855,00","855,00","857,00","855,00","0,03K","0,00%"
"12.11.2025","855,00","855,00","855,00","855,00","0,02K","0,35%"
"11.11.2025","852,00","849,00","852,00","849,00","0,01K","0,12%"
"10.11.2025","851,00","855,00","855,00","851,00","0,01K","0,47%"
"07.11.2025","847,00","845,00","847,00","845,00","0,05K","0,00%"
"06.11.2025","847,00","842,00","847,00","842,00","0,03K","0,24%"
"05.11.2025","845,00","844,00","845,00","844,00","0,07K","-0,35%"
"04.11.2025","848,00","856,00","856,00","848,00","0,05K","0,00%"
"03.11.2025","848,00","847,00","855,00","847,00","","-0,35%"
"31.10.2025","851,00","845,00","855,00","845,00","0,15K","0,12%"
"30.10.2025","850,00","854,00","854,00","846,00","0,17K","0,35%"
"29.10.2025","847,00","847,00","849,00","845,00","0,48K","4,05%"
"28.10.2025","814,00","814,00","814,00","814,00","0,00K","0,00%"
"27.10.2025","814,00","815,00","815,00","814,00","0,00K","0,12%"
"24.10.2025","813,00","815,00","815,00","815,00","0,00K","0,00%"
"23.10.2025","813,00","813,00","813,00","813,00","","0,00%"
"22.10.2025","813,00","813,00","813,00","813,00","0,01K","0,00%"
"21.10.2025","813,00","813,00","813,00","811,00","0,09K","0,12%"
"20.10.2025","812,00","812,00","813,00","812,00","0,04K","-0,25%"
"17.10.2025","814,00","814,00","814,00","814,00","","-0,12%"
"16.10.2025","815,00","814,00","816,00","814,00","0,02K","0,25%"
"15.10.2025","813,00","813,00","813,00","813,00","","0,00%"
"14.10.2025","813,00","813,00","813,00","813,00","0,00K","-0,12%"
"13.10.2025","814,00","813,00","813,00","813,00","","0,00%"
"10.10.2025","814,00","815,00","815,00","814,00","0,12K","0,12%"
"09.10.2025","813,00","815,00","815,00","815,00","0,01K","0,00%"
"08.10.2025","813,00","810,00","815,00","810,00","0,03K","0,99%"
"07.10.2025","805,00","803,00","810,00","803,00","0,03K","0,50%"
"06.10.2025","801,00","805,00","807,00","799,00","0,03K","-0,37%"
"03.10.2025","804,00","805,00","805,00","804,00","0,02K","-0,12%"
"02.10.2025","805,00","805,00","805,00","805,00","0,01K","-0,12%"
"01.10.2025","806,00","795,00","811,00","795,00","0,05K","0,75%"
"30.09.2025","800,00","800,00","808,00","798,00","0,26K","-0,25%"
"29.09.2025","802,00","808,00","810,00","800,00","0,47K","-0,37%"
"26.09.2025","805,00","810,00","811,00","800,00","0,30K","-1,59%"
"25.09.2025","818,00","818,00","820,00","815,00","0,26K","-0,61%"
"24.09.2025","823,00","832,00","832,00","818,00","0,19K","1,73%"
"23.09.2025","809,00","812,00","812,00","812,00","0,03K","-0,25%"
"22.09.2025","811,00","811,00","811,00","811,00","0,01K","-0,12%"
"19.09.2025","812,00","812,00","812,00","812,00","","-0,12%"
"18.09.2025","813,00","813,00","813,00","813,00","","0,00%"
"17.09.2025","813,00","811,00","820,00","811,00","0,04K","0,37%"
"16.09.2025","810,00","810,00","811,00","810,00","0,02K","0,25%"
"15.09.2025","808,00","808,00","808,00","808,00","0,01K","0,00%"
"12.09.2025","808,00","808,00","808,00","808,00","0,00K","-0,25%"
"11.09.2025","810,00","810,00","810,00","810,00","0,01K","0,62%"
"10.09.2025","805,00","807,00","808,00","804,00","0,03K","0,75%"
"09.09.2025","799,00","797,00","804,00","797,00","0,02K","-1,11%"
"08.09.2025","808,00","799,00","804,00","798,00","0,07K","1,13%"
"05.09.2025","799,00","803,00","804,00","798,00","0,04K","-0,13%"
"04.09.2025","800,00","803,00","804,00","799,00","0,05K","0,13%"
"03.09.2025","799,00","794,00","800,00","794,00","0,25K","0,50%"
"02.09.2025","795,00","793,00","797,00","793,00","0,14K","0,25%"
"01.09.2025","793,00","793,00","793,00","793,00","0,00K","0,00%"
"29.08.2025","793,00","804,00","804,00","790,00","0,22K","-2,10%"
"28.08.2025","810,00","812,00","812,00","806,00","0,16K","-0,37%"
"27.08.2025","813,00","826,00","826,00","805,00","0,29K","-2,17%"
"26.08.2025","831,00","831,00","831,00","831,00","0,02K","-0,12%"
"25.08.2025","832,00","832,00","832,00","832,00","0,00K","0,00%"
"22.08.2025","832,00","831,00","832,00","831,00","0,04K","0,12%"
"21.08.2025","831,00","830,00","831,00","830,00","0,02K","-0,36%"
"20.08.2025","834,00","834,00","834,00","831,00","0,03K","0,24%"
"19.08.2025","832,00","832,00","832,00","832,00","0,00K","0,00%"
"18.08.2025","832,00","832,00","832,00","832,00","","0,00%"
"15.08.2025","832,00","832,00","832,00","832,00","0,01K","0,12%"
"14.08.2025","831,00","831,00","832,00","830,00","0,02K","-0,24%"
"13.08.2025","833,00","830,00","834,00","830,00","0,05K","-0,12%"
"12.08.2025","834,00","835,00","835,00","830,00","0,01K","-0,12%"
"11.08.2025","835,00","835,00","835,00","831,00","0,02K","0,00%"
"08.08.2025","835,00","835,00","835,00","835,00","0,02K","-0,36%"
"07.08.2025","838,00","844,00","844,00","837,00","0,13K","-0,59%"
"06.08.2025","843,00","840,00","844,00","838,00","0,18K","-0,82%"
"05.08.2025","850,00","852,00","855,00","850,00","0,01K","-0,58%"
"04.08.2025","855,00","850,00","855,00","846,00","0,02K","0,94%"
"01.08.2025","847,00","848,00","851,00","847,00","0,03K","0,59%"
"31.07.2025","842,00","855,00","855,00","840,00","0,18K","-2,09%"
"30.07.2025","860,00","861,00","862,00","848,00","0,10K","-1,71%"
"29.07.2025","875,00","875,00","875,00","875,00","","0,23%"
"28.07.2025","873,00","873,00","873,00","873,00","","0,23%"
"25.07.2025","871,00","873,00","873,00","870,00","0,11K","-0,11%"
"24.07.2025","872,00","875,00","875,00","872,00","0,02K","-0,46%"
"23.07.2025","876,00","877,00","877,00","875,00","0,09K","0,23%"
"22.07.2025","874,00","874,00","874,00","874,00","0,00K","0,00%"
"21.07.2025","874,00","876,00","876,00","874,00","0,01K","-0,11%"
"18.07.2025","875,00","875,00","875,00","875,00","","0,00%"
"17.07.2025","875,00","877,00","877,00","877,00","0,02K","0,23%"
"16.07.2025","873,00","875,00","875,00","873,00","0,02K","-0,91%"
"15.07.2025","881,00","882,00","882,00","882,00","0,00K","0,00%"
"14.07.2025","881,00","881,00","881,00","880,00","0,00K","0,46%"
"11.07.2025","877,00","879,00","879,00","877,00","0,03K","-0,57%"
"10.07.2025","882,00","882,00","882,00","882,00","","0,00%"
"09.07.2025","882,00","879,00","882,00","877,00","0,03K","-0,90%"
"08.07.2025","890,00","883,00","890,00","883,00","0,26K","1,25%"
"07.07.2025","879,00","883,00","888,00","878,00","0,02K","-0,68%"
"03.07.2025","885,00","883,00","883,00","883,00","0,04K","0,00%"
"02.07.2025","885,00","892,00","893,00","884,00","0,01K","0,23%"
"01.07.2025","883,00","879,00","887,00","879,00","0,10K","0,34%"
"30.06.2025","880,00","888,00","888,00","875,00","0,05K","-0,34%"
"27.06.2025","883,00","885,00","885,00","882,00","0,07K","-0,23%"
"26.06.2025","885,00","885,00","886,00","885,00","0,23K","-0,45%"
"25.06.2025","889,00","895,00","910,00","885,00","0,58K","1,95%"
"24.06.2025","872,00","872,00","872,00","872,00","","0,00%"
"23.06.2025","872,00","872,00","872,00","872,00","","0,00%"
"20.06.2025","872,00","872,00","872,00","872,00","0,11K","0,23%"
"18.06.2025","870,00","870,00","872,00","870,00","0,02K","0,69%"
"17.06.2025","864,00","864,00","864,00","864,00","","0,00%"
"16.06.2025","864,00","864,00","864,00","864,00","0,01K","0,23%"
"13.06.2025","862,00","862,00","862,00","862,00","","0,00%"
"12.06.2025","862,00","862,00","862,00","862,00","","0,00%"
"11.06.2025","862,00","870,00","870,00","860,00","0,52K","-2,38%"
"10.06.2025","883,00","880,00","883,00","873,00","0,15K","0,23%"
"09.06.2025","881,00","881,00","881,00","879,00","0,04K","0,34%"
"06.06.2025","878,00","878,00","880,00","876,00","0,12K","0,00%"
"05.06.2025","878,00","872,00","878,00","872,00","0,01K","0,69%"
"04.06.2025","872,00","875,00","890,00","866,00","0,63K","0,23%"
"03.06.2025","870,00","875,00","885,00","865,00","0,71K","-2,58%"
"02.06.2025","893,00","856,00","910,00","856,00","1,03K","6,31%"
"30.05.2025","840,00","836,00","842,00","831,00","0,11K","-0,24%"
"29.05.2025","842,00","834,00","844,00","834,00","0,42K","0,84%"
"28.05.2025","835,00","829,00","836,00","829,00","0,45K","-7,53%"
"27.05.2025","903,00","902,00","902,00","899,00","0,01K","0,33%"
"26.05.2025","900,00","900,00","900,00","899,00","0,01K","-0,33%"
"23.05.2025","903,00","903,00","903,00","903,00","0,00K","0,00%"
"22.05.2025","903,00","903,00","903,00","903,00","","0,00%"
"21.05.2025","903,00","895,00","903,00","895,00","0,08K","1,12%"
"20.05.2025","893,00","892,00","893,00","892,00","0,11K","-0,22%"
"19.05.2025","895,00","895,00","895,00","895,00","0,02K","0,00%"
"16.05.2025","895,00","894,00","894,00","892,00","0,01K","-0,56%"
"15.05.2025","900,00","895,00","900,00","895,00","0,08K","1,01%"
"14.05.2025","891,00","895,00","895,00","895,00","0,00K","0,68%"
"13.05.2025","885,00","885,00","885,00","885,00","0,20K","-0,56%"
"12.05.2025","890,00","890,00","890,00","890,00","0,01K","0,00%"
"09.05.2025","890,00","880,00","890,00","880,00","0,04K","0,00%"
"08.05.2025","890,00","884,00","890,00","884,00","0,03K","0,00%"
"07.05.2025","890,00","875,00","890,00","875,00","0,46K","2,06%"
"06.05.2025","872,00","872,00","872,00","872,00","0,13K","-0,34%"
"05.05.2025","875,00","874,00","876,00","871,00","0,02K","0,11%"
"02.05.2025","874,00","875,00","879,00","870,00","0,09K","0,81%"
"01.05.2025","867,00","866,00","870,00","865,00","0,05K","0,12%"
"30.04.2025","866,00","875,00","875,00","865,00","0,41K","-8,26%"
"29.04.2025","944,00","944,00","944,00","944,00","","0,00%"
"28.04.2025","944,00","944,00","944,00","944,00","","0,00%"
"25.04.2025","944,00","944,00","944,00","944,00","","0,00%"
"24.04.2025","944,00","944,00","944,00","944,00","0,10K","0,21%"
"23.04.2025","942,00","942,00","942,00","942,00","0,01K","0,21%"
"22.04.2025","940,00","940,00","940,00","940,00","","0,00%"
"21.04.2025","940,00","940,00","940,00","940,00","","0,00%"
"17.04.2025","940,00","940,00","940,00","940,00","","0,00%"
"16.04.2025","940,00","940,00","940,00","940,00","0,04K","0,11%"
"15.04.2025","939,00","939,00","940,00","939,00","0,00K","0,11%"
"14.04.2025","938,00","940,00","940,00","940,00","0,01K","0,00%"
"11.04.2025","938,00","930,00","950,00","930,00","0,03K","0,86%"
"10.04.2025","930,00","930,00","930,00","930,00","0,01K","1,09%"
"09.04.2025","920,00","922,00","922,00","920,00","0,43K","0,00%"
"08.04.2025","920,00","921,00","921,00","920,00","0,06K","-1,08%"
"07.04.2025","930,00","935,00","935,00","925,00","0,01K","-0,21%"
"04.04.2025","932,00","913,00","945,00","905,00","0,14K","2,08%"
"03.04.2025","913,00","913,00","914,00","913,00","0,01K","-0,22%"
"02.04.2025","915,00","897,00","920,00","897,00","0,11K","2,23%"
"01.04.2025","895,00","894,00","895,00","894,00","0,07K","0,56%"
"31.03.2025","890,00","895,00","895,00","890,00","0,01K","0,00%"
"28.03.2025","890,00","895,00","899,00","890,00","0,08K","0,00%"
"27.03.2025","890,00","895,00","896,00","882,00","0,29K","-1,66%"
"26.03.2025","905,00","910,00","910,00","896,00","0,10K","-3,10%"
"25.03.2025","934,00","934,00","934,00","934,00","","0,00%"
"24.03.2025","934,00","939,00","939,00","934,00","0,01K","-0,32%"
"21.03.2025","937,00","938,00","938,00","937,00","0,00K","-0,11%"
"20.03.2025","938,00","937,00","937,00","937,00","0,00K","0,11%"
"19.03.2025","937,00","937,00","937,00","937,00","0,00K","-0,32%"
"18.03.2025","940,00","940,00","940,00","940,00","","0,00%"
"17.03.2025","940,00","937,00","940,00","937,00","0,13K","0,11%"
"14.03.2025","939,00","941,00","941,00","939,00","0,19K","-0,11%"
"13.03.2025","940,00","940,00","942,00","939,00","0,05K","-0,42%"
"12.03.2025","944,00","928,00","945,00","928,00","0,13K","1,83%"
"11.03.2025","927,00","922,00","928,00","920,00","0,18K","0,22%"
"10.03.2025","925,00","925,00","925,00","925,00","0,05K","0,00%"
"07.03.2025","925,00","925,00","927,00","920,00","0,15K","0,33%"
"06.03.2025","922,00","922,00","923,00","919,00","0,15K","-0,43%"
"05.03.2025","926,00","918,00","928,00","918,00","0,35K","1,31%"
"04.03.2025","914,00","915,00","918,00","913,00","0,30K","0,00%"
"03.03.2025","914,00","915,00","916,00","911,00","0,48K","0,22%"
"28.02.2025","912,00","907,00","913,00","905,00","0,08K","0,77%"
"27.02.2025","905,00","905,00","905,00","905,00","0,15K","-0,22%"
"26.02.2025","907,00","915,00","920,00","904,00","0,34K","16,43%"
"25.02.2025","779,00","779,00","779,00","779,00","","0,00%"
"24.02.2025","779,00","779,00","779,00","779,00","0,01K","0,13%"
"21.02.2025","778,00","777,00","777,00","773,00","0,02K","-0,13%"
"20.02.2025","779,00","779,00","779,00","779,00","0,03K","0,26%"
"19.02.2025","777,00","777,00","777,00","777,00","","0,52%"
"18.02.2025","773,00","768,00","773,00","768,00","0,03K","0,65%"
"14.02.2025","768,00","770,00","775,00","768,00","0,26K","0,13%"
"13.02.2025","767,00","767,00","767,00","767,00","0,00K","0,26%"
"12.02.2025","765,00","765,00","768,00","765,00","0,45K","0,66%"
"11.02.2025","760,00","769,00","769,00","758,00","0,11K","0,13%"
"10.02.2025","759,00","760,00","765,00","758,00","0,05K","0,53%"
"07.02.2025","755,00","745,00","756,00","745,00","0,10K","2,03%"
"06.02.2025","740,00","742,00","742,00","740,00","0,03K","-0,27%"
"05.02.2025","742,00","736,00","745,00","736,00","0,10K","0,95%"
"04.02.2025","735,00","736,00","736,00","732,00","0,03K","-0,94%"
"03.02.2025","742,00","747,00","754,00","735,00","0,20K","0,27%"
"31.01.2025","740,00","738,00","745,00","730,00","0,28K","1,09%"
"30.01.2025","732,00","735,00","735,00","728,00","0,23K","-0,41%"
"29.01.2025","735,00","735,00","738,00","721,00","0,35K","6,68%"
"28.01.2025","689,00","689,00","689,00","689,00","","0,00%"
"27.01.2025","689,00","690,00","691,00","690,00","0,05K","0,15%"
"24.01.2025","688,00","690,00","690,00","690,00","0,00K","0,00%"
"23.01.2025","688,00","688,00","688,00","688,00","0,00K","0,00%"
"22.01.2025","688,00","690,00","690,00","688,00","0,06K","-0,43%"
"21.01.2025","691,00","695,00","697,00","690,00","0,05K","-0,58%"
"17.01.2025","695,00","695,00","698,00","694,00","0,23K","-0,14%"
"16.01.2025","696,00","698,00","698,00","694,00","0,13K","-0,43%"
"15.01.2025","699,00","700,00","700,00","697,00","0,05K","-1,13%"
"14.01.2025","707,00","708,00","708,00","707,00","0,01K","0,28%"
"13.01.2025","705,00","705,00","705,00","705,00","0,01K","0,14%"
"10.01.2025","704,00","705,00","710,00","704,00","0,04K","0,28%"
"09.01.2025","702,00","700,00","705,00","700,00","0,02K","0,00%"
"08.01.2025","702,00","707,00","710,00","701,00","0,18K","-1,13%"
"07.01.2025","710,00","710,00","711,00","710,00","0,02K","-1,11%"
"06.01.2025","718,00","718,00","722,00","718,00","0,04K","1,41%"
"03.01.2025","708,00","708,00","709,00","707,00","0,15K","0,00%"
"02.01.2025","708,00","708,00","708,00","708,00","0,06K","-0,14%"
"31.12.2024","709,00","720,00","720,00","705,00","0,11K","-2,21%"
"30.12.2024","725,00","725,00","732,00","718,00","0,12K","-0,68%"
"27.12.2024","730,00","730,00","730,00","730,00","0,15K","1,39%"
"26.12.2024","720,00","720,00","740,00","720,00","0,06K","5,73%"
"24.12.2024","681,00","681,00","681,00","681,00","0,00K","-0,29%"
"23.12.2024","683,00","685,00","685,00","677,00","0,09K","0,59%"
"20.12.2024","679,00","678,00","682,00","677,00","0,05K","0,00%"
"19.12.2024","679,00","680,00","683,00","678,00","0,03K","-0,15%"
"18.12.2024","680,00","680,00","680,00","680,00","0,01K","0,74%"
"17.12.2024","675,00","675,00","675,00","675,00","","0,00%"
"16.12.2024","675,00","675,00","676,00","674,00","0,22K","0,00%"
"13.12.2024","675,00","670,00","675,00","670,00","0,05K","0,00%"
"12.12.2024","675,00","673,00","675,00","673,00","0,01K","-0,30%"
"11.12.2024","677,00","673,00","678,00","670,00","0,02K","0,30%"
"10.12.2024","675,00","699,00","699,00","670,00","0,22K","0,00%"
"09.12.2024","675,00","690,00","690,00","675,00","0,12K","-2,03%"
"06.12.2024","689,00","689,00","689,00","689,00","","0,00%"
"05.12.2024","689,00","689,00","691,00","689,00","0,10K","0,44%"
"04.12.2024","686,00","688,00","688,00","685,00","0,08K","-0,58%"
"03.12.2024","690,00","698,00","698,00","690,00","0,07K","-1,43%"
"02.12.2024","700,00","704,00","704,00","697,00","0,05K","0,00%"
"29.11.2024","700,00","703,00","715,00","690,00","0,32K","-0,28%"
"27.11.2024","702,00","710,00","710,00","694,00","0,39K","3,69%"
"26.11.2024","677,00","676,00","679,00","676,00","0,03K","0,15%"
"25.11.2024","676,00","676,00","676,00","676,00","0,03K","-0,59%"
"22.11.2024","680,00","680,00","680,00","680,00","0,00K","0,00%"
"21.11.2024","680,00","680,00","680,00","680,00","","0,00%"
"20.11.2024","680,00","685,00","685,00","680,00","0,04K","-0,87%"
"19.11.2024","686,00","686,00","688,00","686,00","0,05K","-0,72%"
"18.11.2024","691,00","691,00","691,00","691,00","","0,00%"
"15.11.2024","691,00","691,00","691,00","691,00","","-0,14%"
"14.11.2024","692,00","688,00","693,00","687,00","0,03K","1,02%"
"13.11.2024","685,00","690,00","690,00","685,00","0,05K","-1,72%"
"12.11.2024","697,00","699,00","703,00","694,00","0,19K","-0,14%"
"11.11.2024","698,00","700,00","700,00","698,00","0,01K","-1,27%"
"08.11.2024","707,00","706,00","707,00","705,00","0,02K","0,00%"
"07.11.2024","707,00","715,00","715,00","715,00","0,00K","0,14%"
"06.11.2024","706,00","700,00","710,00","700,00","0,03K","0,57%"
"05.11.2024","702,00","720,00","720,00","701,00","0,06K","0,00%"
"04.11.2024","702,00","706,00","707,00","702,00","0,06K","-1,68%"
"01.11.2024","714,00","708,00","715,00","705,00","0,02K","-0,14%"
"31.10.2024","715,00","705,00","718,00","705,00","0,27K","2,00%"
"30.10.2024","701,00","706,00","706,00","690,00","0,28K","-1,13%"
"29.10.2024","709,00","709,00","709,00","709,00","","-0,14%"
"28.10.2024","710,00","705,00","710,00","705,00","0,06K","0,85%"
"25.10.2024","704,00","704,00","704,00","704,00","0,01K","0,00%"
"24.10.2024","704,00","704,00","704,00","704,00","","0,00%"
"23.10.2024","704,00","704,00","704,00","704,00","","-0,14%"
"22.10.2024","705,00","705,00","705,00","705,00","","0,00%"
"21.10.2024","705,00","696,00","696,00","696,00","0,00K","0,00%"
"18.10.2024","705,00","705,00","705,00","705,00","","0,00%"
"17.10.2024","705,00","705,00","705,00","705,00","","0,00%"
"16.10.2024","705,00","705,00","705,00","700,00","0,05K","1,00%"
"15.10.2024","698,00","698,00","698,00","698,00","","0,00%"
"14.10.2024","698,00","700,00","700,00","698,00","0,00K","-0,99%"
"11.10.2024","705,00","705,00","705,00","704,00","0,01K","0,57%"
"10.10.2024","701,00","700,00","701,00","700,00","0,01K","0,14%"
"09.10.2024","700,00","697,00","700,00","697,00","0,02K","-1,55%"
"08.10.2024","711,00","720,00","720,00","705,00","0,02K","-1,39%"
"07.10.2024","721,00","730,00","734,00","730,00","0,60K","-0,41%"
"04.10.2024","724,00","725,00","725,00","722,00","0,01K","0,00%"
"03.10.2024","724,00","724,00","728,00","722,00","0,02K","1,26%"
"02.10.2024","715,00","727,00","727,00","715,00","0,11K","-1,65%"
"01.10.2024","727,00","733,00","733,00","727,00","0,12K","-1,09%"
"30.09.2024","735,00","742,00","742,00","735,00","0,04K","0,14%"
"27.09.2024","734,00","746,00","746,00","730,00","0,21K","-0,14%"
"26.09.2024","735,00","740,00","743,00","735,00","0,45K","1,24%"
"25.09.2024","726,00","759,00","759,00","725,00","0,60K","3,13%"
"24.09.2024","704,00","704,00","704,00","704,00","","0,00%"
"23.09.2024","704,00","704,00","704,00","704,00","","0,00%"
"20.09.2024","704,00","704,00","704,00","704,00","","-0,14%"
"19.09.2024","705,00","703,00","705,00","703,00","0,04K","0,28%"
"18.09.2024","703,00","693,00","703,00","693,00","0,09K","0,43%"
"17.09.2024","700,00","702,00","702,00","702,00","0,00K","0,29%"
"16.09.2024","698,00","698,00","698,00","698,00","","0,00%"
"13.09.2024","698,00","698,00","698,00","698,00","","0,00%"
"12.09.2024","698,00","703,00","703,00","698,00","0,04K","-0,29%"
"11.09.2024","700,00","703,00","703,00","703,00","0,00K","0,00%"
"10.09.2024","700,00","700,00","700,00","695,00","0,04K","0,00%"
"09.09.2024","700,00","700,00","700,00","700,00","0,00K","0,00%"
"06.09.2024","700,00","696,00","696,00","695,00","0,18K","0,14%"
"05.09.2024","699,00","699,00","705,00","692,00","0,03K","1,45%"
"04.09.2024","689,00","697,00","697,00","685,00","0,23K","-1,57%"
"03.09.2024","700,00","711,00","711,00","696,00","0,07K","-1,96%"
"30.08.2024","714,00","723,00","723,00","711,00","0,07K","-1,52%"
"29.08.2024","725,00","723,00","730,00","722,00","0,38K","-0,68%"
"28.08.2024","730,00","744,00","744,00","720,00","0,32K","8,79%"
"27.08.2024","671,00","671,00","671,00","671,00","","0,15%"
"26.08.2024","670,00","670,00","670,00","670,00","0,01K","-0,30%"
"23.08.2024","672,00","672,00","672,00","672,00","","0,00%"
"22.08.2024","672,00","674,00","680,00","672,00","0,06K","0,00%"
"21.08.2024","672,00","674,00","674,00","656,00","0,02K","1,51%"
"20.08.2024","662,00","662,00","662,00","662,00","","0,00%"
"19.08.2024","662,00","663,00","663,00","662,00","0,01K","0,91%"
"16.08.2024","656,00","661,00","661,00","656,00","0,01K","-0,61%"
"15.08.2024","660,00","656,00","660,00","656,00","0,03K","0,00%"
"14.08.2024","660,00","668,00","668,00","656,00","0,08K","-2,37%"
"13.08.2024","676,00","674,00","678,00","674,00","0,03K","-0,29%"
"12.08.2024","678,00","678,00","678,00","678,00","0,06K","-0,29%"
"09.08.2024","680,00","680,00","685,00","680,00","0,01K","0,29%"
"08.08.2024","678,00","678,00","678,00","678,00","0,01K","-0,88%"
"07.08.2024","684,00","681,00","685,00","680,00","0,02K","-0,15%"
"06.08.2024","685,00","685,00","687,00","685,00","0,17K","-0,29%"
"05.08.2024","687,00","694,00","700,00","686,00","0,10K","0,88%"
"02.08.2024","681,00","700,00","700,00","675,00","0,09K","-1,02%"
"01.08.2024","688,00","712,00","712,00","682,00","0,13K","-2,27%"
"31.07.2024","704,00","705,00","713,00","694,00","0,27K","5,71%"
"30.07.2024","666,00","665,00","666,00","665,00","0,01K","0,30%"
"29.07.2024","664,00","664,00","664,00","664,00","","0,00%"
"26.07.2024","664,00","664,00","667,00","664,00","0,01K","0,00%"
"25.07.2024","664,00","664,00","671,00","664,00","0,09K","0,91%"
"24.07.2024","658,00","656,00","658,00","656,00","0,31K","0,46%"
"23.07.2024","655,00","663,00","664,00","654,00","0,10K","-0,30%"
"22.07.2024","657,00","657,00","657,00","657,00","","0,00%"
"19.07.2024","657,00","658,00","658,00","657,00","0,01K","-0,30%"
"18.07.2024","659,00","658,00","659,00","658,00","0,02K","0,00%"
"17.07.2024","659,00","659,00","660,00","658,00","0,05K","-0,15%"
"16.07.2024","660,00","660,00","660,00","660,00","0,01K","-0,30%"
"15.07.2024","662,00","660,00","662,00","660,00","0,02K","-0,45%"
"12.07.2024","665,00","665,00","666,00","663,00","0,04K","-0,15%"
"11.07.2024","666,00","665,00","665,00","665,00","0,21K","-0,45%"
"10.07.2024","669,00","669,00","672,00","665,00","0,02K","-0,15%"
"09.07.2024","670,00","674,00","675,00","669,00","0,17K","-0,45%"
"08.07.2024","673,00","669,00","673,00","663,00","0,07K","-0,30%"
"05.07.2024","675,00","668,00","675,00","668,00","0,02K","0,90%"
"03.07.2024","669,00","669,00","669,00","669,00","0,00K","-0,15%"
"02.07.2024","670,00","688,00","690,00","668,00","0,05K","-0,59%"
"01.07.2024","674,00","685,00","692,00","671,00","0,03K","0,00%"
"28.06.2024","674,00","690,00","694,00","669,00","0,19K","-0,30%"
"27.06.2024","676,00","679,00","690,00","672,00","0,32K","0,15%"
"26.06.2024","675,00","676,00","678,00","670,00","0,49K","-5,86%"
"25.06.2024","717,00","717,00","717,00","717,00","","0,00%"
"24.06.2024","717,00","735,00","736,00","717,00","0,06K","-1,51%"
"22.06.2024","728,00","728,00","728,00","728,00","","0,97%"
"21.06.2024","721,00","721,00","728,00","721,00","0,01K","-0,55%"
"20.06.2024","725,00","725,00","725,00","720,00","0,05K","0,69%"
"19.06.2024","720,00","725,00","725,00","720,00","0,05K","-1,64%"
"18.06.2024","732,00","732,00","732,00","732,00","0,11K","-0,41%"
"17.06.2024","735,00","731,00","735,00","731,00","0,01K","0,00%"
"14.06.2024","735,00","731,00","735,00","731,00","0,01K","0,00%"
"13.06.2024","735,00","735,00","735,00","730,00","0,05K","0,27%"
"12.06.2024","733,00","740,00","750,00","733,00","0,02K","0,69%"
"11.06.2024","728,00","724,00","728,00","721,00","0,12K","0,41%"
"10.06.2024","725,00","728,00","728,00","725,00","0,17K","-0,41%"
"07.06.2024","728,00","728,00","728,00","728,00","0,03K","-0,27%"
"06.06.2024","730,00","735,00","740,00","730,00","0,23K","-1,62%"
"05.06.2024","742,00","740,00","742,00","740,00","0,02K","0,13%"
"04.06.2024","741,00","750,00","755,00","740,00","0,38K","-1,33%"
"03.06.2024","751,00","753,00","760,00","750,00","0,15K","-1,31%"
"31.05.2024","761,00","761,00","761,00","755,00","0,30K","-1,42%"
"30.05.2024","772,00","774,00","776,00","768,00","0,19K","-0,90%"
"29.05.2024","779,00","780,00","783,00","775,00","0,33K","-1,52%"
"28.05.2024","791,00","791,00","791,00","791,00","0,00K","0,25%"
"24.05.2024","789,00","789,00","789,00","789,00","","0,00%"
"23.05.2024","789,00","789,00","789,00","789,00","","0,00%"
"22.05.2024","789,00","789,00","789,00","789,00","","-0,25%"
"21.05.2024","791,00","792,00","792,00","791,00","0,01K","0,25%"
"20.05.2024","789,00","787,00","792,00","787,00","0,07K","0,25%"
"17.05.2024","787,00","787,00","787,00","787,00","0,00K","0,13%"
"16.05.2024","786,00","786,00","787,00","786,00","0,05K","0,38%"
"15.05.2024","783,00","785,00","785,00","785,00","0,01K","0,00%"
"14.05.2024","783,00","783,00","784,00","783,00","0,02K","0,26%"
"13.05.2024","781,00","780,00","784,00","780,00","0,09K","0,13%"
"10.05.2024","780,00","780,00","783,00","780,00","0,02K","-0,64%"
"09.05.2024","785,00","785,00","785,00","785,00","0,03K","0,64%"
"08.05.2024","780,00","790,00","790,00","780,00","0,16K","-0,64%"
"07.05.2024","785,00","790,00","790,00","785,00","0,04K","0,77%"
"06.05.2024","779,00","800,00","800,00","779,00","0,06K","-4,18%"
"03.05.2024","813,00","813,00","813,00","813,00","0,00K","0,37%"
"02.05.2024","810,00","805,00","810,00","805,00","0,07K","0,00%"
"01.05.2024","810,00","811,00","811,00","800,00","0,42K","-0,37%"
"30.04.2024","813,00","826,00","830,00","813,00","0,15K","-1,81%"
"29.04.2024","828,00","830,00","835,00","820,00","0,37K","0,85%"
"26.04.2024","821,00","820,00","830,00","815,00","0,24K","1,11%"
"25.04.2024","812,00","814,00","815,00","810,00","0,13K","0,25%"
"24.04.2024","810,00","812,00","814,00","806,00","0,30K","-3,91%"
"23.04.2024","843,00","843,00","843,00","843,00","","0,00%"
"22.04.2024","843,00","843,00","843,00","842,00","0,04K","0,00%"
"19.04.2024","843,00","841,00","843,00","841,00","0,05K","0,36%"
"18.04.2024","840,00","837,00","837,00","837,00","0,01K","0,00%"
"17.04.2024","840,00","840,00","840,00","840,00","0,00K","-0,59%"
"16.04.2024","845,00","845,00","845,00","845,00","0,00K","0,00%"
"15.04.2024","845,00","845,00","845,00","845,00","","0,00%"
"12.04.2024","845,00","845,00","845,00","845,00","0,05K","-0,59%"
"11.04.2024","850,00","850,00","855,00","850,00","0,06K","0,59%"
"10.04.2024","845,00","843,00","845,00","843,00","0,28K","0,00%"
"09.04.2024","845,00","849,00","855,00","842,00","0,07K","-0,24%"
"08.04.2024","847,00","852,00","854,00","845,00","0,14K","-0,70%"
"05.04.2024","853,00","860,00","860,00","860,00","0,00K","0,00%"
"04.04.2024","853,00","853,00","860,00","853,00","0,01K","-0,81%"
"03.04.2024","860,00","854,00","860,00","852,00","0,53K","-2,16%"
"02.04.2024","879,00","865,00","881,00","860,00","0,13K","1,85%"
"01.04.2024","863,00","863,00","871,00","863,00","0,01K","0,35%"
"28.03.2024","860,00","865,00","865,00","854,00","0,10K","-0,58%"
"27.03.2024","865,00","868,00","880,00","859,00","0,12K","9,63%"
"26.03.2024","789,00","789,00","789,00","789,00","","0,00%"
"25.03.2024","789,00","788,00","789,00","788,00","0,01K","-0,63%"
"22.03.2024","794,00","794,00","794,00","794,00","0,01K","0,00%"
"21.03.2024","794,00","794,00","794,00","794,00","","0,00%"
"20.03.2024","794,00","790,00","795,00","790,00","0,02K","-0,13%"
"19.03.2024","795,00","795,00","795,00","795,00","0,01K","-0,50%"
"18.03.2024","799,00","786,00","799,00","785,00","0,01K","0,88%"
"15.03.2024","792,00","789,00","792,00","786,00","0,01K","-0,13%"
"14.03.2024","793,00","785,00","793,00","785,00","0,03K","0,76%"
"13.03.2024","787,00","802,00","802,00","780,00","0,11K","-1,63%"
"12.03.2024","800,00","805,00","805,00","800,00","0,04K","-0,99%"
"11.03.2024","808,00","805,00","809,00","802,00","0,01K","-0,74%"
"08.03.2024","814,00","814,00","815,00","810,00","0,03K","0,12%"
"07.03.2024","813,00","803,00","818,00","802,00","0,18K","1,37%"
"06.03.2024","802,00","789,00","805,00","789,00","0,10K","2,17%"
"05.03.2024","785,00","788,00","798,00","784,00","0,02K","-0,51%"
"04.03.2024","789,00","790,00","790,00","783,00","0,05K","-0,13%"
"01.03.2024","790,00","791,00","791,00","783,00","0,22K","-0,63%"
"29.02.2024","795,00","797,00","797,00","795,00","0,48K","-0,75%"
"28.02.2024","801,00","795,00","805,00","795,00","0,11K","-13,12%"
"27.02.2024","922,00","922,00","922,00","922,00","","0,00%"
"26.02.2024","922,00","922,00","922,00","922,00","","0,00%"
"23.02.2024","922,00","924,00","925,00","924,00","0,01K","0,00%"
"22.02.2024","922,00","922,00","924,00","921,00","0,01K","0,00%"
"21.02.2024","922,00","924,00","924,00","921,00","0,01K","-0,32%"
"20.02.2024","925,00","925,00","925,00","925,00","0,01K","0,00%"
"19.02.2024","925,00","925,00","925,00","925,00","","-0,43%"
"16.02.2024","929,00","929,00","929,00","929,00","","0,00%"
"15.02.2024","929,00","930,00","935,00","929,00","0,08K","0,32%"
"14.02.2024","926,00","933,00","934,00","926,00","0,04K","-0,75%"
"13.02.2024","933,00","937,00","940,00","933,00","0,01K","0,00%"
"12.02.2024","933,00","925,00","938,00","925,00","0,08K","-1,27%"
"09.02.2024","945,00","940,00","945,00","940,00","0,15K","0,00%"
"08.02.2024","945,00","950,00","950,00","944,00","0,04K","-0,84%"
"07.02.2024","953,00","963,00","963,00","950,00","0,15K","-1,65%"
"06.02.2024","969,00","970,00","970,00","964,00","0,06K","0,21%"
"05.02.2024","967,00","968,00","969,00","967,00","0,05K","0,00%"
"02.02.2024","967,00","961,00","968,00","960,00","0,03K","-0,31%"
"01.02.2024","970,00","966,00","975,00","966,00","0,11K","0,73%"
"31.01.2024","963,00","965,00","970,00","961,00","0,25K","-10,75%"
"30.01.2024","1.079,00","1.079,00","1.079,00","1.079,00","","0,19%"
"29.01.2024","1.077,00","1.077,00","1.077,00","1.077,00","","0,00%"
"26.01.2024","1.077,00","1.077,00","1.077,00","1.077,00","","0,00%"
"25.01.2024","1.077,00","1.081,00","1.081,00","1.076,00","0,05K","-0,55%"
"24.01.2024","1.083,00","1.075,00","1.083,00","1.075,00","0,06K","1,21%"
"23.01.2024","1.070,00","1.070,00","1.070,00","1.070,00","","0,00%"
"22.01.2024","1.070,00","1.068,00","1.068,00","1.068,00","0,00K","0,00%"
"19.01.2024","1.070,00","1.070,00","1.070,00","1.070,00","","0,00%"
"18.01.2024","1.070,00","1.070,00","1.070,00","1.070,00","0,01K","0,00%"
"17.01.2024","1.070,00","1.071,00","1.071,00","1.068,00","0,13K","-0,28%"
"16.01.2024","1.073,00","1.078,00","1.078,00","1.070,00","0,09K","-0,28%"
"12.01.2024","1.076,00","1.070,00","1.083,00","1.070,00","0,07K","0,09%"
"11.01.2024","1.075,00","1.069,00","1.077,00","1.069,00","0,02K","-0,28%"
"10.01.2024","1.078,00","1.073,00","1.083,00","1.060,00","0,13K","-0,46%"
"09.01.2024","1.083,00","1.080,00","1.083,00","1.076,00","0,20K","0,28%"
"08.01.2024","1.080,00","1.086,00","1.086,00","1.078,00","0,20K","-0,92%"
"05.01.2024","1.090,00","1.100,00","1.100,00","1.076,00","0,47K","-0,82%"
"04.01.2024","1.099,00","1.096,00","1.110,00","1.092,00","0,16K","-1,88%"
"03.01.2024","1.120,00","1.127,00","1.135,00","1.099,00","0,50K","-0,62%"
"02.01.2024","1.127,00","1.135,00","1.135,00","1.125,00","0,40K","-0,70%"
"29.12.2023","1.135,00","1.150,00","1.150,00","1.135,00","0,03K","-1,22%"
"28.12.2023","1.149,00","1.143,00","1.150,00","1.140,00","0,03K","0,26%"
"27.12.2023","1.146,00","1.137,00","1.155,00","1.137,00","0,26K","6,31%"
"26.12.2023","1.078,00","1.078,00","1.078,00","1.078,00","0,00K","0,37%"
"22.12.2023","1.074,00","1.074,00","1.074,00","1.074,00","","0,00%"
"21.12.2023","1.074,00","1.074,00","1.074,00","1.074,00","","0,00%"
"20.12.2023","1.074,00","1.074,00","1.077,00","1.074,00","0,03K","0,85%"
"19.12.2023","1.065,00","1.065,00","1.065,00","1.065,00","0,04K","-0,47%"
"18.12.2023","1.070,00","1.068,00","1.070,00","1.068,00","0,02K","0,19%"
"15.12.2023","1.068,00","1.069,00","1.069,00","1.069,00","0,00K","0,00%"
"14.12.2023","1.068,00","1.068,00","1.068,00","1.066,00","0,01K","0,09%"
"13.12.2023","1.067,00","1.067,00","1.067,00","1.067,00","0,00K","0,00%"
"12.12.2023","1.067,00","1.077,00","1.077,00","1.067,00","0,03K","-0,47%"
"11.12.2023","1.072,00","1.070,00","1.076,00","1.070,00","0,01K","0,19%"
"08.12.2023","1.070,00","1.080,00","1.080,00","1.068,00","0,03K","0,00%"
"07.12.2023","1.070,00","1.070,00","1.070,00","1.069,00","0,08K","0,85%"
"06.12.2023","1.061,00","1.070,00","1.080,00","1.061,00","0,08K","3,21%"
"05.12.2023","1.028,00","1.030,00","1.040,00","1.028,00","0,28K","-1,06%"
"04.12.2023","1.039,00","1.040,00","1.041,00","1.034,00","0,13K","0,00%"
"01.12.2023","1.039,00","1.039,00","1.039,00","1.026,00","0,10K","-0,48%"
"30.11.2023","1.044,00","1.041,00","1.044,00","1.040,00","0,05K","0,00%"
"29.11.2023","1.044,00","1.040,00","1.048,00","1.037,00","0,21K","15,87%"
"28.11.2023","901,00","901,00","901,00","901,00","0,00K","0,11%"
"27.11.2023","900,00","895,00","901,00","895,00","0,01K","-0,11%"
"24.11.2023","901,00","901,00","901,00","901,00","0,01K","0,33%"
"22.11.2023","898,00","895,00","899,00","895,00","0,02K","0,90%"
"21.11.2023","890,00","893,00","893,00","887,00","0,01K","0,00%"
"20.11.2023","890,00","890,00","890,00","890,00","0,01K","0,00%"
"17.11.2023","890,00","890,00","890,00","890,00","","0,00%"
"16.11.2023","890,00","892,00","897,00","892,00","0,04K","0,00%"
"15.11.2023","890,00","885,00","890,00","883,00","0,05K","-0,56%"
"14.11.2023","895,00","895,00","895,00","885,00","0,01K","0,00%"
"13.11.2023","895,00","895,00","895,00","895,00","0,03K","0,22%"
"10.11.2023","893,00","900,00","900,00","893,00","0,07K","0,45%"
"09.11.2023","889,00","890,00","891,00","888,00","0,24K","-0,34%"
"08.11.2023","892,00","888,00","892,00","886,00","0,03K","0,79%"
"07.11.2023","885,00","890,00","895,00","881,00","0,24K","-0,56%"
"06.11.2023","890,00","887,00","890,00","878,00","0,18K","1,95%"
"03.11.2023","873,00","873,00","885,00","873,00","0,04K","-1,02%"
"02.11.2023","882,00","882,00","882,00","876,00","0,03K","-0,11%"
"01.11.2023","883,00","875,00","886,00","875,00","0,26K","1,38%"
"31.10.2023","871,00","866,00","884,00","866,00","0,22K","0,00%"
"30.10.2023","871,00","865,00","885,00","864,00","0,31K","0,58%"
"27.10.2023","866,00","867,00","868,00","860,00","0,33K","1,29%"
"26.10.2023","855,00","828,00","865,00","827,00","0,41K","3,39%"
"25.10.2023","827,00","810,00","828,00","810,00","0,51K","17,81%"
"24.10.2023","702,00","702,00","702,00","702,00","0,03K","0,14%"
"23.10.2023","701,00","702,00","702,00","699,00","0,01K","-0,28%"
"20.10.2023","703,00","707,00","707,00","702,00","0,07K","-0,14%"
"19.10.2023","704,00","703,00","704,00","703,00","0,10K","0,14%"
"18.10.2023","703,00","702,00","703,00","702,00","0,04K","-0,28%"
"17.10.2023","705,00","705,00","705,00","703,00","0,06K","1,00%"
"16.10.2023","698,00","695,00","700,00","695,00","0,09K","0,43%"
"13.10.2023","695,00","695,00","700,00","695,00","0,02K","-0,14%"
"12.10.2023","696,00","700,00","700,00","695,00","0,13K","-0,57%"
"11.10.2023","700,00","696,00","704,00","695,00","0,21K","-0,14%"
"10.10.2023","701,00","702,00","703,00","696,00","0,24K","0,00%"
"09.10.2023","701,00","700,00","701,00","696,00","0,28K","-0,57%"
"06.10.2023","705,00","705,00","705,00","705,00","0,06K","0,00%"
"05.10.2023","705,00","700,00","705,00","695,00","0,13K","2,03%"
"04.10.2023","691,00","689,00","700,00","685,00","0,19K","0,73%"
"03.10.2023","686,00","690,00","690,00","685,00","0,06K","-1,29%"
"02.10.2023","695,00","697,00","697,00","693,00","0,05K","-1,28%"
"29.09.2023","704,00","698,00","706,00","693,00","0,20K","-1,54%"
"28.09.2023","715,00","717,00","722,00","699,00","0,18K","0,42%"
"27.09.2023","712,00","695,00","725,00","690,00","0,63K","1,42%"
"26.09.2023","702,00","704,00","704,00","700,00","0,01K","-0,43%"
"25.09.2023","705,00","705,00","705,00","705,00","","0,00%"
"22.09.2023","705,00","705,00","705,00","705,00","0,01K","0,14%"
"21.09.2023","704,00","704,00","704,00","704,00","","0,00%"
"20.09.2023","704,00","707,00","707,00","704,00","0,10K","-0,28%"
"19.09.2023","706,00","705,00","710,00","705,00","0,09K","0,00%"
"18.09.2023","706,00","706,00","706,00","706,00","0,00K","0,28%"
"15.09.2023","704,00","705,00","707,00","704,00","0,07K","-0,28%"
"14.09.2023","706,00","705,00","706,00","704,00","0,04K","-0,14%"
"13.09.2023","707,00","715,00","715,00","704,00","0,14K","-1,67%"
"12.09.2023","719,00","716,00","719,00","715,00","0,07K","-0,14%"
"11.09.2023","720,00","721,00","723,00","718,00","0,04K","0,00%"
"08.09.2023","720,00","720,00","725,00","718,00","0,17K","-0,69%"
"07.09.2023","725,00","714,00","730,00","714,00","0,12K","1,12%"
"06.09.2023","717,00","712,00","725,00","712,00","0,08K","0,84%"
"05.09.2023","711,00","710,00","719,00","709,00","0,11K","0,14%"
"04.09.2023","710,00","710,00","710,00","710,00","","-1,39%"
"01.09.2023","720,00","723,00","723,00","708,00","0,28K","-1,23%"
"31.08.2023","729,00","725,00","730,00","721,00","0,33K","0,00%"
"30.08.2023","729,00","723,00","733,00","720,00","0,28K","-8,99%"
"29.08.2023","801,00","800,00","801,00","800,00","0,08K","0,00%"
"28.08.2023","801,00","801,00","801,00","801,00","0,00K","-0,25%"
"25.08.2023","803,00","803,00","803,00","803,00","","0,00%"
"24.08.2023","803,00","801,00","804,00","801,00","0,11K","0,12%"
"23.08.2023","802,00","802,00","802,00","800,00","0,00K","-0,62%"
"22.08.2023","807,00","802,00","802,00","802,00","0,00K","0,00%"
"21.08.2023","807,00","810,00","810,00","810,00","0,00K","0,00%"
"18.08.2023","807,00","807,00","807,00","805,00","0,01K","-0,37%"
"17.08.2023","810,00","814,00","814,00","807,00","0,05K","-0,12%"
"16.08.2023","811,00","803,00","815,00","801,00","0,03K","0,87%"
"15.08.2023","804,00","804,00","804,00","804,00","","0,00%"
"14.08.2023","804,00","803,00","803,00","800,00","0,01K","-0,25%"
"11.08.2023","806,00","806,00","806,00","806,00","","0,00%"
"10.08.2023","806,00","805,00","806,00","804,00","0,03K","0,62%"
"09.08.2023","801,00","797,00","803,00","792,00","0,28K","-0,12%"
"08.08.2023","802,00","803,00","809,00","802,00","0,09K","-0,25%"
"07.08.2023","804,00","805,00","812,00","803,00","0,15K","0,12%"
"04.08.2023","803,00","810,00","810,00","795,00","0,15K","-1,47%"
"03.08.2023","815,00","815,00","816,00","815,00","0,07K","-1,21%"
"02.08.2023","825,00","815,00","829,00","815,00","0,20K","0,61%"
"01.08.2023","820,00","827,00","827,00","815,00","0,14K","-0,61%"
"31.07.2023","825,00","832,00","832,00","821,00","0,11K","0,12%"
"28.07.2023","824,00","833,00","834,00","820,00","0,58K","-0,24%"
"27.07.2023","826,00","830,00","832,00","819,00","0,86K","-1,08%"
"26.07.2023","835,00","853,00","856,00","830,00","0,30K","-2,68%"
"25.07.2023","858,00","858,00","858,00","858,00","0,00K","0,00%"
"24.07.2023","858,00","858,00","858,00","858,00","","0,00%"
"21.07.2023","858,00","858,00","858,00","858,00","","0,00%"
"20.07.2023","858,00","858,00","858,00","858,00","0,01K","-0,35%"
"19.07.2023","861,00","880,00","880,00","858,00","0,12K","-2,93%"
"18.07.2023","887,00","894,00","894,00","887,00","0,00K","-0,56%"
"17.07.2023","892,00","892,00","892,00","892,00","","-0,56%"
"14.07.2023","897,00","899,00","899,00","894,00","0,02K","-0,22%"
"13.07.2023","899,00","900,00","900,00","896,00","0,06K","0,33%"
"12.07.2023","896,00","896,00","899,00","896,00","0,00K","-1,21%"
"11.07.2023","907,00","903,00","908,00","900,00","0,05K","0,67%"
"10.07.2023","901,00","901,00","901,00","901,00","0,00K","-0,44%"
"07.07.2023","905,00","891,00","905,00","891,00","0,08K","1,12%"
"06.07.2023","895,00","878,00","910,00","878,00","0,28K","2,40%"
"05.07.2023","874,00","860,00","885,00","860,00","0,16K","1,63%"
"04.07.2023","860,00","860,00","860,00","860,00","","-0,58%"
"03.07.2023","865,00","860,00","865,00","860,00","0,01K","-1,82%"
"30.06.2023","881,00","885,00","885,00","867,00","0,14K","-0,45%"
"29.06.2023","885,00","890,00","890,00","884,00","0,23K","-1,01%"
"28.06.2023","894,00","870,00","904,00","865,00","0,38K","-1,76%"
"27.06.2023","910,00","910,00","910,00","910,00","","0,00%"
"26.06.2023","910,00","910,00","910,00","910,00","","0,00%"
"23.06.2023","910,00","910,00","910,00","910,00","0,02K","-0,22%"
"22.06.2023","912,00","912,00","912,00","912,00","","0,00%"
"21.06.2023","912,00","921,00","921,00","910,00","0,07K","-1,62%"
"20.06.2023","927,00","926,00","930,00","925,00","0,17K","0,22%"
"19.06.2023","925,00","926,00","927,00","925,00","0,01K","-0,22%"
"16.06.2023","927,00","924,00","924,00","923,00","0,01K","0,00%"
"15.06.2023","927,00","926,00","930,00","926,00","0,08K","0,43%"
"14.06.2023","923,00","922,00","925,00","922,00","0,03K","-0,65%"
"13.06.2023","929,00","930,00","931,00","927,00","0,04K","-0,11%"
"12.06.2023","930,00","927,00","930,00","926,00","0,01K","0,22%"
"09.06.2023","928,00","928,00","928,00","927,00","0,07K","0,00%"
"08.06.2023","928,00","934,00","934,00","927,00","0,05K","-0,22%"
"07.06.2023","930,00","927,00","936,00","927,00","0,77K","-0,53%"
"06.06.2023","935,00","945,00","948,00","930,00","0,19K","-1,06%"
"05.06.2023","945,00","942,00","947,00","940,00","0,22K","0,53%"
"02.06.2023","940,00","940,00","945,00","937,00","0,13K","0,53%"
"01.06.2023","935,00","937,00","941,00","932,00","0,35K","0,11%"
"31.05.2023","934,00","937,00","950,00","930,00","0,59K","-15,01%"
"30.05.2023","1.099,00","1.099,00","1.099,00","1.099,00","0,00K","0,00%"
"26.05.2023","1.099,00","1.099,00","1.099,00","1.099,00","","0,00%"
"25.05.2023","1.099,00","1.096,00","1.096,00","1.096,00","0,00K","0,00%"
"24.05.2023","1.099,00","1.093,00","1.099,00","1.093,00","0,07K","0,83%"
"23.05.2023","1.090,00","1.086,00","1.086,00","1.086,00","0,00K","0,00%"
"22.05.2023","1.090,00","1.090,00","1.090,00","1.090,00","0,01K","-0,37%"
"19.05.2023","1.094,00","1.094,00","1.094,00","1.094,00","","-0,18%"
"18.05.2023","1.096,00","1.094,00","1.101,00","1.094,00","0,02K","0,37%"
"17.05.2023","1.092,00","1.092,00","1.092,00","1.092,00","","-0,09%"
"16.05.2023","1.093,00","1.093,00","1.094,00","1.093,00","0,02K","0,00%"
"15.05.2023","1.093,00","1.095,00","1.095,00","1.092,00","0,04K","-0,27%"
"12.05.2023","1.096,00","1.090,00","1.096,00","1.090,00","0,06K","0,09%"
"11.05.2023","1.095,00","1.091,00","1.095,00","1.091,00","0,21K","0,00%"
"10.05.2023","1.095,00","1.090,00","1.095,00","1.089,00","0,06K","-0,36%"
"09.05.2023","1.099,00","1.105,00","1.105,00","1.096,00","0,08K","-0,54%"
"08.05.2023","1.105,00","1.108,00","1.108,00","1.105,00","0,05K","0,36%"
"05.05.2023","1.101,00","1.090,00","1.105,00","1.090,00","0,10K","0,46%"
"04.05.2023","1.096,00","1.115,00","1.115,00","1.096,00","0,04K","-0,81%"
"03.05.2023","1.105,00","1.092,00","1.118,00","1.092,00","0,25K","1,75%"
"02.05.2023","1.086,00","1.077,00","1.095,00","1.075,00","0,09K","1,50%"
"01.05.2023","1.070,00","1.078,00","1.083,00","1.076,00","0,09K","0,09%"
"28.04.2023","1.069,00","1.070,00","1.072,00","1.067,00","0,18K","-0,47%"
"27.04.2023","1.074,00","1.073,00","1.083,00","1.073,00","0,14K","0,09%"
"26.04.2023","1.073,00","1.070,00","1.083,00","1.065,00","0,35K","-8,76%"
"25.04.2023","1.176,00","1.176,00","1.176,00","1.176,00","0,00K","-0,08%"
"24.04.2023","1.177,00","1.177,00","1.177,00","1.177,00","0,00K","-0,08%"
"21.04.2023","1.178,00","1.178,00","1.178,00","1.175,00","0,03K","0,17%"
"20.04.2023","1.176,00","1.180,00","1.180,00","1.180,00","0,01K","0,00%"
"19.04.2023","1.176,00","1.175,00","1.177,00","1.175,00","0,02K","0,09%"
"18.04.2023","1.175,00","1.176,00","1.180,00","1.175,00","0,02K","0,00%"
"17.04.2023","1.175,00","1.174,00","1.176,00","1.174,00","0,04K","0,00%"
"14.04.2023","1.175,00","1.175,00","1.178,00","1.172,00","0,06K","-0,42%"
"13.04.2023","1.180,00","1.183,00","1.185,00","1.177,00","0,07K","-0,34%"
"12.04.2023","1.184,00","1.171,00","1.185,00","1.161,00","0,14K","1,63%"
"11.04.2023","1.165,00","1.161,00","1.168,00","1.161,00","0,01K","-0,09%"
"10.04.2023","1.166,00","1.166,00","1.166,00","1.166,00","","0,00%"
"06.04.2023","1.166,00","1.167,00","1.175,00","1.160,00","0,05K","0,34%"
"05.04.2023","1.162,00","1.173,00","1.175,00","1.150,00","0,18K","-0,77%"
"04.04.2023","1.171,00","1.195,00","1.195,00","1.169,00","0,09K","-0,34%"
"03.04.2023","1.175,00","1.151,00","1.200,00","1.150,00","0,38K","0,95%"
"31.03.2023","1.164,00","1.163,00","1.165,00","1.150,00","0,14K","-0,09%"
"30.03.2023","1.165,00","1.170,00","1.170,00","1.165,00","0,11K","-0,43%"
"29.03.2023","1.170,00","1.180,00","1.181,00","1.160,00","0,19K","12,93%"
"28.03.2023","1.036,00","1.058,00","1.058,00","1.057,00","0,02K","-2,26%"
"27.03.2023","1.060,00","1.061,00","1.061,00","1.060,00","0,00K","0,28%"
"24.03.2023","1.057,00","1.057,00","1.057,00","1.057,00","","0,09%"
"23.03.2023","1.056,00","1.055,00","1.060,00","1.055,00","0,01K","-0,19%"
"22.03.2023","1.058,00","1.060,00","1.060,00","1.060,00","0,01K","0,19%"
"21.03.2023","1.056,00","1.056,00","1.056,00","1.056,00","","0,09%"
"20.03.2023","1.055,00","1.072,00","1.072,00","1.055,00","0,02K","-0,09%"
"17.03.2023","1.056,00","1.056,00","1.056,00","1.056,00","","0,00%"
"16.03.2023","1.056,00","1.060,00","1.061,00","1.055,00","0,04K","-0,56%"
"15.03.2023","1.062,00","1.060,00","1.066,00","1.058,00","0,10K","-1,21%"
"14.03.2023","1.075,00","1.067,00","1.068,00","1.062,00","0,11K","1,90%"
"13.03.2023","1.055,00","1.057,00","1.057,00","1.055,00","0,02K","-0,09%"
"10.03.2023","1.056,00","1.075,00","1.075,00","1.050,00","0,01K","-0,38%"
"09.03.2023","1.060,00","1.069,00","1.075,00","1.060,00","0,08K","-0,47%"
"08.03.2023","1.065,00","1.059,00","1.065,00","1.056,00","0,04K","1,43%"
"07.03.2023","1.050,00","1.058,00","1.062,00","1.042,00","0,01K","-0,94%"
"06.03.2023","1.060,00","1.060,00","1.065,00","1.059,00","0,04K","0,95%"
"03.03.2023","1.050,00","1.045,00","1.055,00","1.041,00","0,03K","0,10%"
"02.03.2023","1.049,00","1.040,00","1.055,00","1.040,00","0,03K","2,04%"
"01.03.2023","1.028,00","1.002,00","1.040,00","1.002,00","0,09K","-2,47%"
"28.02.2023","1.054,00","1.065,00","1.065,00","1.045,00","0,04K","0,96%"
"27.02.2023","1.044,00","1.020,00","1.070,00","1.015,00","0,40K","2,35%"
"24.02.2023","1.020,00","1.000,00","1.030,00","1.000,00","0,39K","3,45%"
"23.02.2023","986,00","970,00","999,00","956,00","0,20K","2,49%"
"22.02.2023","962,00","940,00","975,00","937,00","0,49K","22,24%"
"21.02.2023","787,00","800,00","801,00","800,00","0,01K","-1,63%"
"20.02.2023","800,00","800,00","800,00","800,00","","0,25%"
"17.02.2023","798,00","801,00","803,00","798,00","0,08K","-0,75%"
"16.02.2023","804,00","802,00","804,00","801,00","0,02K","0,25%"
"15.02.2023","802,00","804,00","806,00","800,00","0,13K","-0,25%"
"14.02.2023","804,00","804,00","806,00","802,00","0,04K","-0,12%"
"13.02.2023","805,00","803,00","806,00","803,00","0,07K","0,88%"
"10.02.2023","798,00","799,00","801,00","797,00","0,12K","-0,62%"
"09.02.2023","803,00","803,00","804,00","798,00","0,05K","0,38%"
"08.02.2023","800,00","797,00","799,00","795,00","0,01K","-0,25%"
"07.02.2023","802,00","794,00","805,00","794,00","0,09K","1,13%"
"06.02.2023","793,00","790,00","797,00","788,00","0,06K","-0,50%"
"03.02.2023","797,00","797,00","798,00","793,00","0,01K","0,25%"
"02.02.2023","795,00","790,00","798,00","790,00","0,07K","0,89%"
"01.02.2023","788,00","786,00","791,00","785,00","0,05K","0,00%"
"31.01.2023","788,00","786,00","790,00","786,00","0,12K","0,00%"
"30.01.2023","788,00","783,00","790,00","783,00","0,10K","1,68%"
"27.01.2023","775,00","775,00","782,00","775,00","0,05K","0,00%"
"26.01.2023","775,00","778,00","778,00","775,00","0,06K","-0,64%"
"25.01.2023","780,00","776,00","780,00","773,00","0,10K","10,64%"
"24.01.2023","705,00","705,00","705,00","705,00","","-1,26%"
"23.01.2023","714,00","715,00","715,00","713,00","0,01K","-0,14%"
"20.01.2023","715,00","712,00","712,00","712,00","0,00K","-0,42%"
"19.01.2023","718,00","716,00","718,00","714,00","0,02K","0,42%"
"18.01.2023","715,00","727,00","727,00","715,00","0,04K","-2,05%"
"17.01.2023","730,00","723,00","730,00","723,00","0,15K","0,69%"
"16.01.2023","725,00","723,00","725,00","723,00","0,12K","0,00%"
"13.01.2023","725,00","721,00","732,00","721,00","0,09K","-0,41%"
"12.01.2023","728,00","726,00","729,00","723,00","0,03K","-0,14%"
"11.01.2023","729,00","735,00","735,00","722,00","0,60K","-0,14%"
"10.01.2023","730,00","734,00","734,00","724,00","0,32K","0,00%"
"09.01.2023","730,00","730,00","735,00","713,00","0,14K","0,00%"
"06.01.2023","730,00","728,00","731,00","725,00","0,02K","0,69%"
"05.01.2023","725,00","728,00","730,00","725,00","0,10K","0,28%"
"04.01.2023","723,00","726,00","728,00","717,00","0,11K","0,14%"
"03.01.2023","722,00","744,00","744,00","720,00","0,13K","-2,96%"